key,pr,rule,severity,file,line,label,reason
strapi/strapi#27880|package.malware-removed|packages/cli/cloud/package.json|82,strapi/strapi#27880,package.malware-removed,high,packages/cli/cloud/package.json,82,FP,"resolves to the workspace package packages/utils/vitest-config; the public npm name WAS a malware takedown (likely dependency confusion), worth a separate note"
home-assistant/core#183818|package.new|tests/components/axle_energy/test_diagnostics.py|6,home-assistant/core#183818,package.new,medium,tests/components/axle_energy/test_diagnostics.py,6,FP,"brand-new library, but published by the PR author for this integration (criteria: own package)"
2witstudios/daisydebate#174|package.not-found|apps/web/src/ui/watch/replay/play-toggle.test.tsx|9,2witstudios/daisydebate#174,package.not-found,medium,apps/web/src/ui/watch/replay/play-toggle.test.tsx,9,FP,bun:test is a Bun runtime built-in
SarelJvR2024/squawk#75|package.not-found|tests/systems.test.mjs|468,SarelJvR2024/squawk#75,package.not-found,medium,tests/systems.test.mjs,468,FP,"the 'import' is text inside a regex literal in a test, not an import"
elie222/rakazo#1110|package.not-found|apps/mobile/lib/appearance.test.ts|54,elie222/rakazo#1110,package.not-found,medium,apps/mobile/lib/appearance.test.ts,54,FP,@rakazo/ui-tokens is a workspace package (packages/ui-tokens/package.json)
emmanuel-mendez/emmanuel-mendez-website#42|package.not-found|src/app/components/molecules/pagination/pagination.ts|3,emmanuel-mendez/emmanuel-mendez-website#42,package.not-found,medium,src/app/components/molecules/pagination/pagination.ts,3,FP,"@components/@services are tsconfig path aliases for src/app/components, src/app/services"
emmanuel-mendez/emmanuel-mendez-website#42|package.not-found|src/app/components/organisms/projects/projects.ts|3,emmanuel-mendez/emmanuel-mendez-website#42,package.not-found,medium,src/app/components/organisms/projects/projects.ts,3,FP,"@components/@services are tsconfig path aliases for src/app/components, src/app/services"
emmanuel-mendez/emmanuel-mendez-website#42|package.not-found|src/app/pages/projects/projects.ts|6,emmanuel-mendez/emmanuel-mendez-website#42,package.not-found,medium,src/app/pages/projects/projects.ts,6,FP,"@components/@services are tsconfig path aliases for src/app/components, src/app/services"
externaldev21-sketch/brandthread#612|package.not-found|artifacts/api-server/src/lib/ageGate.ts|1,externaldev21-sketch/brandthread#612,package.not-found,medium,artifacts/api-server/src/lib/ageGate.ts,1,FP,@workspace/db is a monorepo workspace package (lib/db/package.json)
externaldev21-sketch/brandthread#612|package.not-found|artifacts/api-server/src/routes/age.ts|5,externaldev21-sketch/brandthread#612,package.not-found,medium,artifacts/api-server/src/routes/age.ts,5,FP,@workspace/api-zod is a workspace package (lib/api-zod/package.json)
fpgas-online/fpgas.online-setup-pi#13|package.not-found|fleet-scripts/fleet_agent.py|120,fpgas-online/fpgas.online-setup-pi#13,package.not-found,medium,fleet-scripts/fleet_agent.py,120,FP,import paho installs as paho-mqtt; missing from the import-name map
getsentry/sentry#126116|package.not-found|static/app/views/investigations/detail/presence.spec.tsx|1,getsentry/sentry#126116,package.not-found,medium,static/app/views/investigations/detail/presence.spec.tsx,1,FP,"Sentry's webpack/jest aliases (sentry-fixture, sentry-test, @sentry/scraps), not npm packages"
getsentry/sentry#126116|package.not-found|static/app/views/investigations/detail/presence.spec.tsx|4,getsentry/sentry#126116,package.not-found,medium,static/app/views/investigations/detail/presence.spec.tsx,4,FP,"Sentry's webpack/jest aliases (sentry-fixture, sentry-test, @sentry/scraps), not npm packages"
getsentry/sentry#126116|package.not-found|static/app/views/investigations/detail/presence.tsx|5,getsentry/sentry#126116,package.not-found,medium,static/app/views/investigations/detail/presence.tsx,5,FP,"Sentry's webpack/jest aliases (sentry-fixture, sentry-test, @sentry/scraps), not npm packages"
iitenkida7/engawa#203|package.not-found|engawa/client/src/__tests__/autoplay.test.ts|1,iitenkida7/engawa#203,package.not-found,medium,engawa/client/src/__tests__/autoplay.test.ts,1,FP,"bun:test is a Bun runtime built-in (like node:fs), not an npm package"
ralphchbib/thebusinesslb-website#35|package.not-found|components/network/featured-badge.tsx|6,ralphchbib/thebusinesslb-website#35,package.not-found,medium,components/network/featured-badge.tsx,6,FP,"English in a comment (""label from \""Sponsored\"""") matched the JS import regex"
strapi/strapi#27880|package.not-found|packages/core/admin/package.json|151,strapi/strapi#27880,package.not-found,high,packages/core/admin/package.json,151,FP,@strapi/admin-test-utils is a workspace package (packages/admin-test-utils)
externaldev21-sketch/brandthread#612|risky.auth-change|artifacts/api-server/src/routes/auth.ts|25,externaldev21-sketch/brandthread#612,risky.auth-change,low,artifacts/api-server/src/routes/auth.ts,25,TP,routes/auth.ts really is the auth route file
getsentry/sentry#123286|risky.auth-change|src/sentry/workflow_engine/endpoints/utils/permissions.py|1,getsentry/sentry#123286,risky.auth-change,low,src/sentry/workflow_engine/endpoints/utils/permissions.py,1,TP,endpoints/utils/permissions.py is permission code
discourse/discourse#44211|risky.auth-guard-removed|plugins/discourse-captcha/README.md|41,discourse/discourse#44211,risky.auth-guard-removed,medium,plugins/discourse-captcha/README.md,41,FP,README prose containing the word 'authorize'; docs should be skipped
chequepa/vinndex#191|risky.dangerous-call|scripts/build-store-activity.mjs|29,chequepa/vinndex#191,risky.dangerous-call,medium,scripts/build-store-activity.mjs,29,TP,execSync with ${SINCE} interpolated into a shell command
chequepa/vinndex#191|risky.dangerous-call|scripts/build-store-activity.mjs|40,chequepa/vinndex#191,risky.dangerous-call,medium,scripts/build-store-activity.mjs,40,TP,"execSync with ${s.sha} interpolated into a shell command (sha comes from git, so low exploitability)"
soydiloreto/diluxite-core-alpha#130|risky.destructive-migration|scripts/bench-search.ts|308,soydiloreto/diluxite-core-alpha#130,risky.destructive-migration,high,scripts/bench-search.ts,308,FP,a benchmark script dropping the scratch partition it created itself; not a migration
Bigestdave/OpenHouse#1|risky.no-tests|api/gemini.ts|None,Bigestdave/OpenHouse#1,risky.no-tests,low,api/gemini.ts,,TP,"437 lines of new app/API code, no tests"
DamodaraBarbosa/camara-senado-data-ingestion#55|risky.no-tests|airflow/dags/camera_ingestion_dag.py|None,DamodaraBarbosa/camara-senado-data-ingestion#55,risky.no-tests,low,airflow/dags/camera_ingestion_dag.py,,TP,"25 lines of DAG logic, no tests"
E3SM-Project/containers#102|risky.no-tests|scripts/check-oci-metadata.py|None,E3SM-Project/containers#102,risky.no-tests,low,scripts/check-oci-metadata.py,,TP,71-line new checking script without tests
Josefjosefjosef/filtr#11508|risky.no-tests|scripts/iu-affiliate-categories-30-structure-guard-v1.mjs|None,Josefjosefjosef/filtr#11508,risky.no-tests,low,scripts/iu-affiliate-categories-30-structure-guard-v1.mjs,,TP,"59 lines of guard-script logic, no tests"
MatthewLairdHeadlight/headlight-site#59|risky.no-tests|src/pages/resources-article.js|None,MatthewLairdHeadlight/headlight-site#59,risky.no-tests,low,src/pages/resources-article.js,,TP,"new page script logic, no tests"
RoloBits/nestjs-doctor#373|risky.no-tests|packages/website/src/app/opengraph-image.tsx|None,RoloBits/nestjs-doctor#373,risky.no-tests,low,packages/website/src/app/opengraph-image.tsx,,TP,"137 lines of new website code, no tests"
TyBarber/ReCall#1|risky.no-tests|frontend/src/app/page.tsx|None,TyBarber/ReCall#1,risky.no-tests,low,frontend/src/app/page.tsx,,FP,"cosmetic copy and theme changes, not behaviour"
aleckvincent/laurine-axandre#1|risky.no-tests|src/lib/schedule.ts|None,aleckvincent/laurine-axandre#1,risky.no-tests,low,src/lib/schedule.ts,,TP,"60 lines of scheduling logic, no tests"
aleiruiz/taco-hunt#48|risky.no-tests|apps/api/src/spots/spots.controller.ts|None,aleiruiz/taco-hunt#48,risky.no-tests,low,apps/api/src/spots/spots.controller.ts,,TP,74-line API controller change without tests
alo0806/portfolio#17|risky.no-tests|src/components/player/PlayerBar.jsx|None,alo0806/portfolio#17,risky.no-tests,low,src/components/player/PlayerBar.jsx,,TP,"81 lines of player component behaviour, no tests"
aolkin/discord-radio#6|risky.no-tests|src/bucket/cache.rs|None,aolkin/discord-radio#6,risky.no-tests,low,src/bucket/cache.rs,,TP,"161 lines of cache logic, no tests (checked: no inline #[test])"
bolt2525/bioskintech#1|risky.no-tests|src/components/admin/ContractGenerator.tsx|None,bolt2525/bioskintech#1,risky.no-tests,low,src/components/admin/ContractGenerator.tsx,,TP,"458 lines of new component logic, no tests"
chequepa/vinndex#191|risky.no-tests|scripts/lib-store-activity.mjs|None,chequepa/vinndex#191,risky.no-tests,low,scripts/lib-store-activity.mjs,,TP,283 lines of new script logic without tests
coah80/wii-ipl#425|risky.no-tests|libs/RevoEX/src/net/aes.c|None,coah80/wii-ipl#425,risky.no-tests,low,libs/RevoEX/src/net/aes.c,,TP,"20 lines of AES/networking code, no tests"
deandreabarkley13-coder/dlbtrust-app#446|risky.no-tests|server/routes/wealthOs.js|None,deandreabarkley13-coder/dlbtrust-app#446,risky.no-tests,low,server/routes/wealthOs.js,,TP,"68-line server route change, no tests"
emindeniz99/rust-openssl#4|risky.no-tests|openssl-sys/build/find_vendored.rs|None,emindeniz99/rust-openssl#4,risky.no-tests,low,openssl-sys/build/find_vendored.rs,,FP,12 lines of build-script configuration (criteria: config written in code)
hipaasynth-svg/EatMinot.com#18|risky.no-tests|store.js|None,hipaasynth-svg/EatMinot.com#18,risky.no-tests,low,store.js,,TP,"33 lines of store logic, no tests"
huggingface/transformers#48442|risky.no-tests|src/transformers/modeling_utils.py|None,huggingface/transformers#48442,risky.no-tests,low,src/transformers/modeling_utils.py,,TP,21 lines in modeling_utils without tests (repo has a suite)
jonathanvdc/wc3#1|risky.no-tests|crates/wc3/src/blp/image/indexed.rs|None,jonathanvdc/wc3#1,risky.no-tests,low,crates/wc3/src/blp/image/indexed.rs,,TP,"19 lines of image-decoding logic, no tests"
mastodon/mastodon#40340|risky.no-tests|app/javascript/mastodon/features/home_timeline/components/inline_follow_suggestions.tsx|None,mastodon/mastodon#40340,risky.no-tests,low,app/javascript/mastodon/features/home_timeline/components/inline_follow_suggestions.tsx,,TP,"80 lines of UI logic across 19 files, no tests"
mastodon/mastodon#40780|risky.no-tests|app/javascript/mastodon/features/navigation_panel/redesign/index.tsx|None,mastodon/mastodon#40780,risky.no-tests,low,app/javascript/mastodon/features/navigation_panel/redesign/index.tsx,,TP,102 lines of UI logic without tests (repo has a test suite)
movcodebr/site.movcode#12|risky.no-tests|assets/js/home.js|None,movcodebr/site.movcode#12,risky.no-tests,low,assets/js/home.js,,TP,"14 lines of page behaviour, no tests touched"
navy111p-sudo/mangoiweb#646|risky.no-tests|test-harness/learn_translate_meaning_harness.mjs|None,navy111p-sudo/mangoiweb#646,risky.no-tests,low,test-harness/learn_translate_meaning_harness.mjs,,FP,"the PR adds a test harness under test-harness/, which the path rules don't recognise as tests"
nestjs/nest#17637|risky.no-tests|packages/core/injector/injector.ts|None,nestjs/nest#17637,risky.no-tests,low,packages/core/injector/injector.ts,,FP,"pure refactor: a helper extracted, behaviour unchanged"
noddle-Cake/website#1|risky.no-tests|src/data/appearance.ts|None,noddle-Cake/website#1,risky.no-tests,low,src/data/appearance.ts,,FP,mostly a data/constants file (criteria: pure constants)
nodejs/node#65688|risky.no-tests|src/quic/session.cc|None,nodejs/node#65688,risky.no-tests,low,src/quic/session.cc,,FP,only comments changed inside a callback table
ralphchbib/thebusinesslb-website#35|risky.no-tests|payload/entitlements.ts|None,ralphchbib/thebusinesslb-website#35,risky.no-tests,low,payload/entitlements.ts,,TP,"604 lines of new logic across 21 files, no tests"
scm-js/scm-js#1|risky.no-tests|src/components/EditorLayout.tsx|None,scm-js/scm-js#1,risky.no-tests,low,src/components/EditorLayout.tsx,,TP,"221 lines of new UI logic, no tests"
shouter1/MoonBig#3|risky.no-tests|app.js|None,shouter1/MoonBig#3,risky.no-tests,low,app.js,,TP,"63 lines of app logic, no tests"
soydiloreto/diluxite-core-alpha#130|risky.no-tests|scripts/bench-search.ts|None,soydiloreto/diluxite-core-alpha#130,risky.no-tests,low,scripts/bench-search.ts,,TP,"301 lines of new script logic, no tests (scripts counted as in the dev set)"
strapi/strapi#27499|risky.no-tests|packages/core/admin/admin/src/components/GuidedTour/Steps/Step.tsx|None,strapi/strapi#27499,risky.no-tests,low,packages/core/admin/admin/src/components/GuidedTour/Steps/Step.tsx,,TP,"behaviour change (replaces dangerouslySetInnerHTML), no tests"
wookat/honestcv#356|risky.no-tests|src/pages/Builder.tsx|None,wookat/honestcv#356,risky.no-tests,low,src/pages/Builder.tsx,,TP,"132 lines of builder logic, no tests"
Mailpro31/nova-desktop#204|risky.test-deleted|src/components/settings/meeting/navigation.test.ts|72,Mailpro31/nova-desktop#204,risky.test-deleted,medium,src/components/settings/meeting/navigation.test.ts,72,FP,"test renamed in place to match new behaviour, not removed (also: name cut at an apostrophe)"
apache/airflow#72350|risky.test-deleted|airflow-core/src/airflow/ui/src/utils/datetimeUtils.test.ts|35,apache/airflow#72350,risky.test-deleted,medium,airflow-core/src/airflow/ui/src/utils/datetimeUtils.test.ts,35,TP,net loss of 1 test in a rewrite of the file; correct but low value
emmanuel-mendez/emmanuel-mendez-website#42|risky.test-deleted|src/app/components/organisms/projects/projects.spec.ts|29,emmanuel-mendez/emmanuel-mendez-website#42,risky.test-deleted,medium,src/app/components/organisms/projects/projects.spec.ts,29,FP,test renamed in place to match new behaviour
huggingface/transformers#49215|risky.test-deleted|tests/utils/test_modeling_utils.py|4157,huggingface/transformers#49215,risky.test-deleted,medium,tests/utils/test_modeling_utils.py,4157,FP,test replaced in place by one for the new behaviour
n8n-io/n8n#37461|risky.test-deleted|packages/cli/src/commands/import/__tests__/workflow.test.ts|91,n8n-io/n8n#37461,risky.test-deleted,medium,packages/cli/src/commands/import/__tests__/workflow.test.ts,91,TP,"net loss of 1 test while behaviour changed; correct, worth a glance"
darksilenxe/auto-bughunter#428|risky.test-skipped|backend/internal/scanner/nuclei_zap_integration_test.go|52,darksilenxe/auto-bughunter#428,risky.test-skipped,medium,backend/internal/scanner/nuclei_zap_integration_test.go,52,FP,conditional skip (Windows) in a helper
jmrplens/libgen-mcp#275|risky.test-skipped|scripts/audit_site_deps_sh_test.py|115,jmrplens/libgen-mcp#275,risky.test-skipped,medium,scripts/audit_site_deps_sh_test.py,115,FP,"conditional skip (shellcheck missing), and it fails instead in CI"
u-root/u-root#3771|risky.test-skipped|pkg/termios/termios_test.go|276,u-root/u-root#3771,risky.test-skipped,medium,pkg/termios/termios_test.go,276,FP,conditional skip (non-Linux)
wangjohn/agent-archive#235|risky.test-skipped|internal/cli/prompt_secret_test.go|112,wangjohn/agent-archive#235,risky.test-skipped,medium,internal/cli/prompt_secret_test.go,112,FP,conditional skip inside an if (python3 not installed)
